objective_0,genotype_0,genotype_1
-0.9,0.34450109899359455,0.6571076082034537
