objective_0,genotype_0,genotype_1
555.44,0.6956036741190001,0.8375451671191689
