objective_0,genotype_0,genotype_1
-0.82,0.8880066514591508,0.1249434178794995
